{
    "filters": {
        "season": "2022"
    },
    "area": {
        "id": 2224,
        "name": "Spain",
        "code": "ESP",
        "flag": "https://crests.football-data.org/760.svg"
    },
    "competition": {
        "id": 2014,
        "name": "Primera Division",
        "code": "PD",
        "type": "LEAGUE",
        "emblem": "https://crests.football-data.org/PD.png"
    },
    "season": {
        "id": 1504,
        "startDate": "2022-08-14",
        "endDate": "2023-06-04",
        "currentMatchday": 15,
        "winner": null
    },
    "standings": [
        {
            "stage": "REGULAR_SEASON",
            "type": "TOTAL",
            "group": null,
            "table": [
                {
                    "position": 1,
                    "team": {
                        "id": 81,
                        "name": "FC Barcelona",
                        "shortName": "Barça",
                        "tla": "FCB",
                        "crest": "https://crests.football-data.org/81.svg"
                    },
                    "playedGames": 14,
                    "form": "W,W,W,W,W",
                    "won": 12,
                    "draw": 1,
                    "lost": 1,
                    "points": 37,
                    "goalsFor": 33,
                    "goalsAgainst": 5,
                    "goalDifference": 28
                },
                {
                    "position": 2,
                    "team": {
                        "id": 86,
                        "name": "Real Madrid CF",
                        "shortName": "Real Madrid",
                        "tla": "RMA",
                        "crest": "https://crests.football-data.org/86.png"
                    },
                    "playedGames": 14,
                    "form": "W,L,D,W,W",
                    "won": 11,
                    "draw": 2,
                    "lost": 1,
                    "points": 35,
                    "goalsFor": 33,
                    "goalsAgainst": 14,
                    "goalDifference": 19
                },
                {
                    "position": 3,
                    "team": {
                        "id": 92,
                        "name": "Real Sociedad de Fútbol",
                        "shortName": "Real Sociedad",
                        "tla": "RSO",
                        "crest": "https://crests.football-data.org/92.svg"
                    },
                    "playedGames": 14,
                    "form": "W,D,L,L,W",
                    "won": 8,
                    "draw": 2,
                    "lost": 4,
                    "points": 26,
                    "goalsFor": 19,
                    "goalsAgainst": 17,
                    "goalDifference": 2
                },
                {
                    "position": 4,
                    "team": {
                        "id": 77,
                        "name": "Athletic Club",
                        "shortName": "Athletic",
                        "tla": "ATH",
                        "crest": "https://crests.football-data.org/77.png"
                    },
                    "playedGames": 14,
                    "form": "W,L,W,L,D",
                    "won": 7,
                    "draw": 3,
                    "lost": 4,
                    "points": 24,
                    "goalsFor": 24,
                    "goalsAgainst": 14,
                    "goalDifference": 10
                },
                {
                    "position": 5,
                    "team": {
                        "id": 78,
                        "name": "Club Atlético de Madrid",
                        "shortName": "Atleti",
                        "tla": "ATL",
                        "crest": "https://crests.football-data.org/78.svg"
                    },
                    "playedGames": 14,
                    "form": "L,D,L,W,D",
                    "won": 7,
                    "draw": 3,
                    "lost": 4,
                    "points": 24,
                    "goalsFor": 21,
                    "goalsAgainst": 14,
                    "goalDifference": 7
                },
                {
                    "position": 6,
                    "team": {
                        "id": 90,
                        "name": "Real Betis Balompié",
                        "shortName": "Real Betis",
                        "tla": "BET",
                        "crest": "https://crests.football-data.org/90.png"
                    },
                    "playedGames": 14,
                    "form": "L,D,W,L,D",
                    "won": 7,
                    "draw": 3,
                    "lost": 4,
                    "points": 24,
                    "goalsFor": 17,
                    "goalsAgainst": 12,
                    "goalDifference": 5
                },
                {
                    "position": 7,
                    "team": {
                        "id": 79,
                        "name": "CA Osasuna",
                        "shortName": "Osasuna",
                        "tla": "OSA",
                        "crest": "https://crests.football-data.org/79.svg"
                    },
                    "playedGames": 14,
                    "form": "L,W,W,D,W",
                    "won": 7,
                    "draw": 2,
                    "lost": 5,
                    "points": 23,
                    "goalsFor": 16,
                    "goalsAgainst": 14,
                    "goalDifference": 2
                },
                {
                    "position": 8,
                    "team": {
                        "id": 87,
                        "name": "Rayo Vallecano de Madrid",
                        "shortName": "Rayo Vallecano",
                        "tla": "RAY",
                        "crest": "https://crests.football-data.org/87.svg"
                    },
                    "playedGames": 14,
                    "form": "D,W,W,W,D",
                    "won": 6,
                    "draw": 4,
                    "lost": 4,
                    "points": 22,
                    "goalsFor": 20,
                    "goalsAgainst": 16,
                    "goalDifference": 4
                },
                {
                    "position": 9,
                    "team": {
                        "id": 94,
                        "name": "Villarreal CF",
                        "shortName": "Villarreal",
                        "tla": "VIL",
                        "crest": "https://crests.football-data.org/94.png"
                    },
                    "playedGames": 14,
                    "form": "W,L,L,W,L",
                    "won": 6,
                    "draw": 3,
                    "lost": 5,
                    "points": 21,
                    "goalsFor": 15,
                    "goalsAgainst": 10,
                    "goalDifference": 5
                },
                {
                    "position": 10,
                    "team": {
                        "id": 95,
                        "name": "Valencia CF",
                        "shortName": "Valencia",
                        "tla": "VAL",
                        "crest": "https://crests.football-data.org/95.svg"
                    },
                    "playedGames": 14,
                    "form": "W,D,L,L,D",
                    "won": 5,
                    "draw": 4,
                    "lost": 5,
                    "points": 19,
                    "goalsFor": 22,
                    "goalsAgainst": 15,
                    "goalDifference": 7
                },
                {
                    "position": 11,
                    "team": {
                        "id": 89,
                        "name": "RCD Mallorca",
                        "shortName": "Mallorca",
                        "tla": "MAL",
                        "crest": "https://crests.football-data.org/89.png"
                    },
                    "playedGames": 14,
                    "form": "W,W,D,W,L",
                    "won": 5,
                    "draw": 4,
                    "lost": 5,
                    "points": 19,
                    "goalsFor": 13,
                    "goalsAgainst": 13,
                    "goalDifference": 0
                },
                {
                    "position": 12,
                    "team": {
                        "id": 250,
                        "name": "Real Valladolid CF",
                        "shortName": "Valladolid",
                        "tla": "VDD",
                        "crest": "https://crests.football-data.org/250.png"
                    },
                    "playedGames": 14,
                    "form": "L,W,L,W,W",
                    "won": 5,
                    "draw": 2,
                    "lost": 7,
                    "points": 17,
                    "goalsFor": 13,
                    "goalsAgainst": 21,
                    "goalDifference": -8
                },
                {
                    "position": 13,
                    "team": {
                        "id": 298,
                        "name": "Girona FC",
                        "shortName": "Girona",
                        "tla": "GIR",
                        "crest": "https://crests.football-data.org/298.png"
                    },
                    "playedGames": 14,
                    "form": "W,W,D,D,L",
                    "won": 4,
                    "draw": 4,
                    "lost": 6,
                    "points": 16,
                    "goalsFor": 20,
                    "goalsAgainst": 22,
                    "goalDifference": -2
                },
                {
                    "position": 14,
                    "team": {
                        "id": 267,
                        "name": "UD Almería",
                        "shortName": "Almería",
                        "tla": "ALM",
                        "crest": "https://crests.football-data.org/267.png"
                    },
                    "playedGames": 14,
                    "form": "W,L,W,L,W",
                    "won": 5,
                    "draw": 1,
                    "lost": 8,
                    "points": 16,
                    "goalsFor": 16,
                    "goalsAgainst": 22,
                    "goalDifference": -6
                },
                {
                    "position": 15,
                    "team": {
                        "id": 82,
                        "name": "Getafe CF",
                        "shortName": "Getafe",
                        "tla": "GET",
                        "crest": "https://crests.football-data.org/82.png"
                    },
                    "playedGames": 14,
                    "form": "L,D,W,D,D",
                    "won": 3,
                    "draw": 5,
                    "lost": 6,
                    "points": 14,
                    "goalsFor": 12,
                    "goalsAgainst": 20,
                    "goalDifference": -8
                },
                {
                    "position": 16,
                    "team": {
                        "id": 80,
                        "name": "RCD Espanyol de Barcelona",
                        "shortName": "Espanyol",
                        "tla": "ESP",
                        "crest": "https://crests.football-data.org/80.svg"
                    },
                    "playedGames": 14,
                    "form": "L,D,D,D,L",
                    "won": 2,
                    "draw": 6,
                    "lost": 6,
                    "points": 12,
                    "goalsFor": 16,
                    "goalsAgainst": 22,
                    "goalDifference": -6
                },
                {
                    "position": 17,
                    "team": {
                        "id": 558,
                        "name": "RC Celta de Vigo",
                        "shortName": "Celta",
                        "tla": "CEL",
                        "crest": "https://crests.football-data.org/558.svg"
                    },
                    "playedGames": 14,
                    "form": "D,L,L,D,L",
                    "won": 3,
                    "draw": 3,
                    "lost": 8,
                    "points": 12,
                    "goalsFor": 14,
                    "goalsAgainst": 26,
                    "goalDifference": -12
                },
                {
                    "position": 18,
                    "team": {
                        "id": 559,
                        "name": "Sevilla FC",
                        "shortName": "Sevilla FC",
                        "tla": "SEV",
                        "crest": "https://crests.football-data.org/559.svg"
                    },
                    "playedGames": 14,
                    "form": "L,D,L,L,D",
                    "won": 2,
                    "draw": 5,
                    "lost": 7,
                    "points": 11,
                    "goalsFor": 13,
                    "goalsAgainst": 22,
                    "goalDifference": -9
                },
                {
                    "position": 19,
                    "team": {
                        "id": 264,
                        "name": "Cádiz CF",
                        "shortName": "Cádiz CF",
                        "tla": "CAD",
                        "crest": "https://crests.football-data.org/264.png"
                    },
                    "playedGames": 14,
                    "form": "L,D,W,L,D",
                    "won": 2,
                    "draw": 5,
                    "lost": 7,
                    "points": 11,
                    "goalsFor": 9,
                    "goalsAgainst": 26,
                    "goalDifference": -17
                },
                {
                    "position": 20,
                    "team": {
                        "id": 285,
                        "name": "Elche CF",
                        "shortName": "Elche",
                        "tla": "ELC",
                        "crest": "https://crests.football-data.org/285.png"
                    },
                    "playedGames": 14,
                    "form": "L,L,L,D,L",
                    "won": 0,
                    "draw": 4,
                    "lost": 10,
                    "points": 4,
                    "goalsFor": 10,
                    "goalsAgainst": 31,
                    "goalDifference": -21
                }
            ]
        },
        {
            "stage": "REGULAR_SEASON",
            "type": "HOME",
            "group": null,
            "table": [
                {
                    "position": 1,
                    "team": {
                        "id": 81,
                        "name": "FC Barcelona",
                        "shortName": "Barça",
                        "tla": "FCB",
                        "crest": "https://crests.football-data.org/81.svg"
                    },
                    "playedGames": 7,
                    "form": "",
                    "won": 6,
                    "draw": 1,
                    "lost": 0,
                    "points": 19,
                    "goalsFor": 17,
                    "goalsAgainst": 0,
                    "goalDifference": 17
                },
                {
                    "position": 2,
                    "team": {
                        "id": 86,
                        "name": "Real Madrid CF",
                        "shortName": "Real Madrid",
                        "tla": "RMA",
                        "crest": "https://crests.football-data.org/86.png"
                    },
                    "playedGames": 7,
                    "form": "",
                    "won": 5,
                    "draw": 2,
                    "lost": 0,
                    "points": 17,
                    "goalsFor": 16,
                    "goalsAgainst": 7,
                    "goalDifference": 9
                },
                {
                    "position": 3,
                    "team": {
                        "id": 77,
                        "name": "Athletic Club",
                        "shortName": "Athletic",
                        "tla": "ATH",
                        "crest": "https://crests.football-data.org/77.png"
                    },
                    "playedGames": 8,
                    "form": "",
                    "won": 5,
                    "draw": 1,
                    "lost": 2,
                    "points": 16,
                    "goalsFor": 12,
                    "goalsAgainst": 4,
                    "goalDifference": 8
                },
                {
                    "position": 4,
                    "team": {
                        "id": 90,
                        "name": "Real Betis Balompié",
                        "shortName": "Real Betis",
                        "tla": "BET",
                        "crest": "https://crests.football-data.org/90.png"
                    },
                    "playedGames": 7,
                    "form": "",
                    "won": 5,
                    "draw": 1,
                    "lost": 1,
                    "points": 16,
                    "goalsFor": 12,
                    "goalsAgainst": 5,
                    "goalDifference": 7
                },
                {
                    "position": 5,
                    "team": {
                        "id": 267,
                        "name": "UD Almería",
                        "shortName": "Almería",
                        "tla": "ALM",
                        "crest": "https://crests.football-data.org/267.png"
                    },
                    "playedGames": 7,
                    "form": "",
                    "won": 5,
                    "draw": 0,
                    "lost": 2,
                    "points": 15,
                    "goalsFor": 13,
                    "goalsAgainst": 8,
                    "goalDifference": 5
                },
                {
                    "position": 6,
                    "team": {
                        "id": 79,
                        "name": "CA Osasuna",
                        "shortName": "Osasuna",
                        "tla": "OSA",
                        "crest": "https://crests.football-data.org/79.svg"
                    },
                    "playedGames": 8,
                    "form": "",
                    "won": 5,
                    "draw": 0,
                    "lost": 3,
                    "points": 15,
                    "goalsFor": 11,
                    "goalsAgainst": 8,
                    "goalDifference": 3
                },
                {
                    "position": 7,
                    "team": {
                        "id": 87,
                        "name": "Rayo Vallecano de Madrid",
                        "shortName": "Rayo Vallecano",
                        "tla": "RAY",
                        "crest": "https://crests.football-data.org/87.svg"
                    },
                    "playedGames": 7,
                    "form": "",
                    "won": 4,
                    "draw": 2,
                    "lost": 1,
                    "points": 14,
                    "goalsFor": 12,
                    "goalsAgainst": 7,
                    "goalDifference": 5
                },
                {
                    "position": 8,
                    "team": {
                        "id": 95,
                        "name": "Valencia CF",
                        "shortName": "Valencia",
                        "tla": "VAL",
                        "crest": "https://crests.football-data.org/95.svg"
                    },
                    "playedGames": 8,
                    "form": "",
                    "won": 4,
                    "draw": 1,
                    "lost": 3,
                    "points": 13,
                    "goalsFor": 15,
                    "goalsAgainst": 7,
                    "goalDifference": 8
                },
                {
                    "position": 9,
                    "team": {
                        "id": 250,
                        "name": "Real Valladolid CF",
                        "shortName": "Valladolid",
                        "tla": "VDD",
                        "crest": "https://crests.football-data.org/250.png"
                    },
                    "playedGames": 7,
                    "form": "",
                    "won": 4,
                    "draw": 1,
                    "lost": 2,
                    "points": 13,
                    "goalsFor": 8,
                    "goalsAgainst": 6,
                    "goalDifference": 2
                },
                {
                    "position": 10,
                    "team": {
                        "id": 298,
                        "name": "Girona FC",
                        "shortName": "Girona",
                        "tla": "GIR",
                        "crest": "https://crests.football-data.org/298.png"
                    },
                    "playedGames": 7,
                    "form": "",
                    "won": 3,
                    "draw": 2,
                    "lost": 2,
                    "points": 11,
                    "goalsFor": 12,
                    "goalsAgainst": 11,
                    "goalDifference": 1
                },
                {
                    "position": 11,
                    "team": {
                        "id": 92,
                        "name": "Real Sociedad de Fútbol",
                        "shortName": "Real Sociedad",
                        "tla": "RSO",
                        "crest": "https://crests.football-data.org/92.svg"
                    },
                    "playedGames": 7,
                    "form": "",
                    "won": 3,
                    "draw": 2,
                    "lost": 2,
                    "points": 11,
                    "goalsFor": 7,
                    "goalsAgainst": 9,
                    "goalDifference": -2
                },
                {
                    "position": 12,
                    "team": {
                        "id": 94,
                        "name": "Villarreal CF",
                        "shortName": "Villarreal",
                        "tla": "VIL",
                        "crest": "https://crests.football-data.org/94.png"
                    },
                    "playedGames": 5,
                    "form": "",
                    "won": 3,
                    "draw": 1,
                    "lost": 1,
                    "points": 10,
                    "goalsFor": 9,
                    "goalsAgainst": 4,
                    "goalDifference": 5
                },
                {
                    "position": 13,
                    "team": {
                        "id": 78,
                        "name": "Club Atlético de Madrid",
                        "shortName": "Atleti",
                        "tla": "ATL",
                        "crest": "https://crests.football-data.org/78.svg"
                    },
                    "playedGames": 6,
                    "form": "",
                    "won": 2,
                    "draw": 2,
                    "lost": 2,
                    "points": 8,
                    "goalsFor": 9,
                    "goalsAgainst": 8,
                    "goalDifference": 1
                },
                {
                    "position": 14,
                    "team": {
                        "id": 558,
                        "name": "RC Celta de Vigo",
                        "shortName": "Celta",
                        "tla": "CEL",
                        "crest": "https://crests.football-data.org/558.svg"
                    },
                    "playedGames": 7,
                    "form": "",
                    "won": 2,
                    "draw": 2,
                    "lost": 3,
                    "points": 8,
                    "goalsFor": 10,
                    "goalsAgainst": 11,
                    "goalDifference": -1
                },
                {
                    "position": 15,
                    "team": {
                        "id": 89,
                        "name": "RCD Mallorca",
                        "shortName": "Mallorca",
                        "tla": "MAL",
                        "crest": "https://crests.football-data.org/89.png"
                    },
                    "playedGames": 7,
                    "form": "",
                    "won": 2,
                    "draw": 2,
                    "lost": 3,
                    "points": 8,
                    "goalsFor": 5,
                    "goalsAgainst": 6,
                    "goalDifference": -1
                },
                {
                    "position": 16,
                    "team": {
                        "id": 82,
                        "name": "Getafe CF",
                        "shortName": "Getafe",
                        "tla": "GET",
                        "crest": "https://crests.football-data.org/82.png"
                    },
                    "playedGames": 7,
                    "form": "",
                    "won": 1,
                    "draw": 3,
                    "lost": 3,
                    "points": 6,
                    "goalsFor": 6,
                    "goalsAgainst": 10,
                    "goalDifference": -4
                },
                {
                    "position": 17,
                    "team": {
                        "id": 264,
                        "name": "Cádiz CF",
                        "shortName": "Cádiz CF",
                        "tla": "CAD",
                        "crest": "https://crests.football-data.org/264.png"
                    },
                    "playedGames": 7,
                    "form": "",
                    "won": 1,
                    "draw": 3,
                    "lost": 3,
                    "points": 6,
                    "goalsFor": 5,
                    "goalsAgainst": 13,
                    "goalDifference": -8
                },
                {
                    "position": 18,
                    "team": {
                        "id": 80,
                        "name": "RCD Espanyol de Barcelona",
                        "shortName": "Espanyol",
                        "tla": "ESP",
                        "crest": "https://crests.football-data.org/80.svg"
                    },
                    "playedGames": 7,
                    "form": "",
                    "won": 1,
                    "draw": 2,
                    "lost": 4,
                    "points": 5,
                    "goalsFor": 8,
                    "goalsAgainst": 13,
                    "goalDifference": -5
                },
                {
                    "position": 19,
                    "team": {
                        "id": 559,
                        "name": "Sevilla FC",
                        "shortName": "Sevilla FC",
                        "tla": "SEV",
                        "crest": "https://crests.football-data.org/559.svg"
                    },
                    "playedGames": 7,
                    "form": "",
                    "won": 0,
                    "draw": 3,
                    "lost": 4,
                    "points": 3,
                    "goalsFor": 4,
                    "goalsAgainst": 11,
                    "goalDifference": -7
                },
                {
                    "position": 20,
                    "team": {
                        "id": 285,
                        "name": "Elche CF",
                        "shortName": "Elche",
                        "tla": "ELC",
                        "crest": "https://crests.football-data.org/285.png"
                    },
                    "playedGames": 7,
                    "form": "",
                    "won": 0,
                    "draw": 2,
                    "lost": 5,
                    "points": 2,
                    "goalsFor": 4,
                    "goalsAgainst": 13,
                    "goalDifference": -9
                }
            ]
        },
        {
            "stage": "REGULAR_SEASON",
            "type": "AWAY",
            "group": null,
            "table": [
                {
                    "position": 1,
                    "team": {
                        "id": 81,
                        "name": "FC Barcelona",
                        "shortName": "Barça",
                        "tla": "FCB",
                        "crest": "https://crests.football-data.org/81.svg"
                    },
                    "playedGames": 7,
                    "form": "",
                    "won": 6,
                    "draw": 0,
                    "lost": 1,
                    "points": 18,
                    "goalsFor": 16,
                    "goalsAgainst": 5,
                    "goalDifference": 11
                },
                {
                    "position": 2,
                    "team": {
                        "id": 86,
                        "name": "Real Madrid CF",
                        "shortName": "Real Madrid",
                        "tla": "RMA",
                        "crest": "https://crests.football-data.org/86.png"
                    },
                    "playedGames": 7,
                    "form": "",
                    "won": 6,
                    "draw": 0,
                    "lost": 1,
                    "points": 18,
                    "goalsFor": 17,
                    "goalsAgainst": 7,
                    "goalDifference": 10
                },
                {
                    "position": 3,
                    "team": {
                        "id": 78,
                        "name": "Club Atlético de Madrid",
                        "shortName": "Atleti",
                        "tla": "ATL",
                        "crest": "https://crests.football-data.org/78.svg"
                    },
                    "playedGames": 8,
                    "form": "",
                    "won": 5,
                    "draw": 1,
                    "lost": 2,
                    "points": 16,
                    "goalsFor": 12,
                    "goalsAgainst": 6,
                    "goalDifference": 6
                },
                {
                    "position": 4,
                    "team": {
                        "id": 92,
                        "name": "Real Sociedad de Fútbol",
                        "shortName": "Real Sociedad",
                        "tla": "RSO",
                        "crest": "https://crests.football-data.org/92.svg"
                    },
                    "playedGames": 7,
                    "form": "",
                    "won": 5,
                    "draw": 0,
                    "lost": 2,
                    "points": 15,
                    "goalsFor": 12,
                    "goalsAgainst": 8,
                    "goalDifference": 4
                },
                {
                    "position": 5,
                    "team": {
                        "id": 89,
                        "name": "RCD Mallorca",
                        "shortName": "Mallorca",
                        "tla": "MAL",
                        "crest": "https://crests.football-data.org/89.png"
                    },
                    "playedGames": 7,
                    "form": "",
                    "won": 3,
                    "draw": 2,
                    "lost": 2,
                    "points": 11,
                    "goalsFor": 8,
                    "goalsAgainst": 7,
                    "goalDifference": 1
                },
                {
                    "position": 6,
                    "team": {
                        "id": 94,
                        "name": "Villarreal CF",
                        "shortName": "Villarreal",
                        "tla": "VIL",
                        "crest": "https://crests.football-data.org/94.png"
                    },
                    "playedGames": 9,
                    "form": "",
                    "won": 3,
                    "draw": 2,
                    "lost": 4,
                    "points": 11,
                    "goalsFor": 6,
                    "goalsAgainst": 6,
                    "goalDifference": 0
                },
                {
                    "position": 7,
                    "team": {
                        "id": 77,
                        "name": "Athletic Club",
                        "shortName": "Athletic",
                        "tla": "ATH",
                        "crest": "https://crests.football-data.org/77.png"
                    },
                    "playedGames": 6,
                    "form": "",
                    "won": 2,
                    "draw": 2,
                    "lost": 2,
                    "points": 8,
                    "goalsFor": 12,
                    "goalsAgainst": 10,
                    "goalDifference": 2
                },
                {
                    "position": 8,
                    "team": {
                        "id": 87,
                        "name": "Rayo Vallecano de Madrid",
                        "shortName": "Rayo Vallecano",
                        "tla": "RAY",
                        "crest": "https://crests.football-data.org/87.svg"
                    },
                    "playedGames": 7,
                    "form": "",
                    "won": 2,
                    "draw": 2,
                    "lost": 3,
                    "points": 8,
                    "goalsFor": 8,
                    "goalsAgainst": 9,
                    "goalDifference": -1
                },
                {
                    "position": 9,
                    "team": {
                        "id": 79,
                        "name": "CA Osasuna",
                        "shortName": "Osasuna",
                        "tla": "OSA",
                        "crest": "https://crests.football-data.org/79.svg"
                    },
                    "playedGames": 6,
                    "form": "",
                    "won": 2,
                    "draw": 2,
                    "lost": 2,
                    "points": 8,
                    "goalsFor": 5,
                    "goalsAgainst": 6,
                    "goalDifference": -1
                },
                {
                    "position": 10,
                    "team": {
                        "id": 559,
                        "name": "Sevilla FC",
                        "shortName": "Sevilla FC",
                        "tla": "SEV",
                        "crest": "https://crests.football-data.org/559.svg"
                    },
                    "playedGames": 7,
                    "form": "",
                    "won": 2,
                    "draw": 2,
                    "lost": 3,
                    "points": 8,
                    "goalsFor": 9,
                    "goalsAgainst": 11,
                    "goalDifference": -2
                },
                {
                    "position": 11,
                    "team": {
                        "id": 90,
                        "name": "Real Betis Balompié",
                        "shortName": "Real Betis",
                        "tla": "BET",
                        "crest": "https://crests.football-data.org/90.png"
                    },
                    "playedGames": 7,
                    "form": "",
                    "won": 2,
                    "draw": 2,
                    "lost": 3,
                    "points": 8,
                    "goalsFor": 5,
                    "goalsAgainst": 7,
                    "goalDifference": -2
                },
                {
                    "position": 12,
                    "team": {
                        "id": 82,
                        "name": "Getafe CF",
                        "shortName": "Getafe",
                        "tla": "GET",
                        "crest": "https://crests.football-data.org/82.png"
                    },
                    "playedGames": 7,
                    "form": "",
                    "won": 2,
                    "draw": 2,
                    "lost": 3,
                    "points": 8,
                    "goalsFor": 6,
                    "goalsAgainst": 10,
                    "goalDifference": -4
                },
                {
                    "position": 13,
                    "team": {
                        "id": 80,
                        "name": "RCD Espanyol de Barcelona",
                        "shortName": "Espanyol",
                        "tla": "ESP",
                        "crest": "https://crests.football-data.org/80.svg"
                    },
                    "playedGames": 7,
                    "form": "",
                    "won": 1,
                    "draw": 4,
                    "lost": 2,
                    "points": 7,
                    "goalsFor": 8,
                    "goalsAgainst": 9,
                    "goalDifference": -1
                },
                {
                    "position": 14,
                    "team": {
                        "id": 95,
                        "name": "Valencia CF",
                        "shortName": "Valencia",
                        "tla": "VAL",
                        "crest": "https://crests.football-data.org/95.svg"
                    },
                    "playedGames": 6,
                    "form": "",
                    "won": 1,
                    "draw": 3,
                    "lost": 2,
                    "points": 6,
                    "goalsFor": 7,
                    "goalsAgainst": 8,
                    "goalDifference": -1
                },
                {
                    "position": 15,
                    "team": {
                        "id": 298,
                        "name": "Girona FC",
                        "shortName": "Girona",
                        "tla": "GIR",
                        "crest": "https://crests.football-data.org/298.png"
                    },
                    "playedGames": 7,
                    "form": "",
                    "won": 1,
                    "draw": 2,
                    "lost": 4,
                    "points": 5,
                    "goalsFor": 8,
                    "goalsAgainst": 11,
                    "goalDifference": -3
                },
                {
                    "position": 16,
                    "team": {
                        "id": 264,
                        "name": "Cádiz CF",
                        "shortName": "Cádiz CF",
                        "tla": "CAD",
                        "crest": "https://crests.football-data.org/264.png"
                    },
                    "playedGames": 7,
                    "form": "",
                    "won": 1,
                    "draw": 2,
                    "lost": 4,
                    "points": 5,
                    "goalsFor": 4,
                    "goalsAgainst": 13,
                    "goalDifference": -9
                },
                {
                    "position": 17,
                    "team": {
                        "id": 250,
                        "name": "Real Valladolid CF",
                        "shortName": "Valladolid",
                        "tla": "VDD",
                        "crest": "https://crests.football-data.org/250.png"
                    },
                    "playedGames": 7,
                    "form": "",
                    "won": 1,
                    "draw": 1,
                    "lost": 5,
                    "points": 4,
                    "goalsFor": 5,
                    "goalsAgainst": 15,
                    "goalDifference": -10
                },
                {
                    "position": 18,
                    "team": {
                        "id": 558,
                        "name": "RC Celta de Vigo",
                        "shortName": "Celta",
                        "tla": "CEL",
                        "crest": "https://crests.football-data.org/558.svg"
                    },
                    "playedGames": 7,
                    "form": "",
                    "won": 1,
                    "draw": 1,
                    "lost": 5,
                    "points": 4,
                    "goalsFor": 4,
                    "goalsAgainst": 15,
                    "goalDifference": -11
                },
                {
                    "position": 19,
                    "team": {
                        "id": 285,
                        "name": "Elche CF",
                        "shortName": "Elche",
                        "tla": "ELC",
                        "crest": "https://crests.football-data.org/285.png"
                    },
                    "playedGames": 7,
                    "form": "",
                    "won": 0,
                    "draw": 2,
                    "lost": 5,
                    "points": 2,
                    "goalsFor": 6,
                    "goalsAgainst": 18,
                    "goalDifference": -12
                },
                {
                    "position": 20,
                    "team": {
                        "id": 267,
                        "name": "UD Almería",
                        "shortName": "Almería",
                        "tla": "ALM",
                        "crest": "https://crests.football-data.org/267.png"
                    },
                    "playedGames": 7,
                    "form": "",
                    "won": 0,
                    "draw": 1,
                    "lost": 6,
                    "points": 1,
                    "goalsFor": 3,
                    "goalsAgainst": 14,
                    "goalDifference": -11
                }
            ]
        }
    ]
}